Rank,Track_id,Streams,Track Name,Artist,URL,acousticness,danceability,energy,instrumentalness,liveness,loudness,speechiness,valence,tempo,time_signature,duration_ms,key,mode,Artist_id,Artist_popularity
1.0,25sgk305KZfyuqVBQIahim,1166185736,Sweet but Psycho,Ava Max,https://open.spotify.com/track/25sgk305KZfyuqVBQIahim,0.0691,0.719,0.704,0.0,0.166,"-4,724",0.0476,0.628,"133,002",4,187436,1,1,4npEfmQ6YuiwW1GpUmaq3F,87
2.0,2Fxmhks0bxGSBdJ92vM42m,1052358787,bad guy,Billie Eilish,https://open.spotify.com/track/2Fxmhks0bxGSBdJ92vM42m,0.328,0.701,0.425,0.13,0.1,"-10,965",0.375,0.562,"135,128",4,194088,7,1,6qqNVTkY8uBg9cP3Jd7DAH,98
3.0,6ocbgoVGwYJhOv1GgI9NsF,789094044,7 rings,Ariana Grande,https://open.spotify.com/track/6ocbgoVGwYJhOv1GgI9NsF,0.592,0.778,0.317,0.0,0.0881,"-10,732",0.334,0.327,"140,048",4,178627,1,0,66CXWjxzNUsdJxJ2JdwvnR,97
4.0,1rgnBhdG2JDFTbYkYRZAku,764208309,Dance Monkey,Tones and I,https://open.spotify.com/track/1rgnBhdG2JDFTbYkYRZAku,0.688,0.825,0.593,0.000161,0.17,"-6,401",0.0988,0.54,"98,078",4,209755,6,0,2NjfBq1NflQcKSeiDooVjY,92
5.0,6v3KW9xbzN5yKLt9YKDYA2,763064359,Senorita,Shawn Mendes,https://open.spotify.com/track/6v3KW9xbzN5yKLt9YKDYA2,0.0392,0.759,0.548,0.0,0.0828,"-6,049",0.029,0.749,"116,967",4,190800,9,0,7n2wHs1TKAczGzO7Dd2rGr,94
6.0,5w9c2J52mkdntKOmRLeM2m,715027898,Con Calma,Daddy Yankee,https://open.spotify.com/track/5w9c2J52mkdntKOmRLeM2m,0.11,0.737,0.86,1.94e-06,0.0574,"-2,652",0.0593,0.656,"93,989",4,193227,8,0,4VMYDCV2IEDYJArk749S6m,95
7.0,2VxeLyX666F8uXCJ0dZF8B,714097238,Shallow,Lady Gaga,https://open.spotify.com/track/2VxeLyX666F8uXCJ0dZF8B,0.371,0.572,0.385,0.0,0.231,"-6,362",0.0308,0.323,"95,799",4,215733,7,1,1HY2Jd0NmPuamShAr6KMms,89
8.0,7qEHsqek33rTcFNT9PFqLf,661930419,Someone You Loved,Lewis Capaldi,https://open.spotify.com/track/7qEHsqek33rTcFNT9PFqLf,0.751,0.501,0.405,0.0,0.105,"-5,679",0.0319,0.446,"109,891",4,182161,1,1,4GNC7GD6oZMSxPGyXy4MNB,92
9.0,2dpaYNEQHiRxtZbfNsse99,620829467,Happier,Marshmello,https://open.spotify.com/track/2dpaYNEQHiRxtZbfNsse99,0.191,0.687,0.792,0.0,0.167,"-2,749",0.0452,0.671,"100,015",4,214290,5,1,64KEffDW9EtZ1y2vBYgq8T,90
10.0,6MWtB6iiXyIwun0YzU6DFP,615519053,Wow.,Post Malone,https://open.spotify.com/track/6MWtB6iiXyIwun0YzU6DFP,0.163,0.833,0.539,2.1e-06,0.101,"-7,399",0.178,0.385,"99,947",4,149520,11,0,246dkjvS1zLTtiykXe5h60,100
11.0,5p7ujcrUXASCNwRaWNHR1C,605653817,Without Me,Halsey,https://open.spotify.com/track/5p7ujcrUXASCNwRaWNHR1C,0.297,0.752,0.488,9.11e-06,0.0936,-7.05,0.0705,0.533,"136,041",4,201661,6,1,26VFTg2z8YR0cCuwLzESi2,92
12.0,5iwz1NiezX7WWjnCgY5TH4,591435651,Calma - Remix,Pedro Capo,https://open.spotify.com/track/5iwz1NiezX7WWjnCgY5TH4,0.323,0.826,0.773,0.0,0.143,"-4,218",0.0524,0.761,"126,899",4,238200,11,0,4QVBYiagIaa6ZGSPMbybpy,83
13.0,6Qs4SXO9dwPj5GKvVOv8Ki,560659214,Dancing With A Stranger (with Normani),Sam Smith,https://open.spotify.com/track/6Qs4SXO9dwPj5GKvVOv8Ki,0.45,0.741,0.52,1.97e-06,0.222,"-7,513",0.0656,0.347,"102,998",4,171030,8,1,2wY79sveU1sp5g7SokKOiI,92
14.0,6vBdBCoOhKHiYDDOcorfNo,501130662,Goodbyes (Feat. Young Thug),Post Malone,https://open.spotify.com/track/6vBdBCoOhKHiYDDOcorfNo,0.447,0.58,0.653,0.0,0.111,"-3,818",0.0745,0.175,"150,231",4,174960,5,1,246dkjvS1zLTtiykXe5h60,100
15.0,70eFcWOvlMObDhURTqT4Fv,499741532,Beautiful People (feat. Khalid),Ed Sheeran,https://open.spotify.com/track/70eFcWOvlMObDhURTqT4Fv,0.124,0.64,0.648,0.0,0.0802,"-8,113",0.187,0.548,"92,977",4,197867,5,0,6eUKZXaKkcviH0Ku9w2n3V,98
16.0,6u7jPi22kF8CTQ3rb9DHE7,490147372,Old Town Road (feat. Billy Ray Cyrus) - Remix,Lil Nas X,https://open.spotify.com/track/6u7jPi22kF8CTQ3rb9DHE7,0.0533,0.878,0.619,0.0,0.113,-5.56,0.102,0.639,"136,041",4,157067,6,1,7jVv8c5Fj3E9VhNjxT4snq,87
17.0,2ksOAxtIxY8yElEWw8RhgK,486837636,China,Anuel AA,https://open.spotify.com/track/2ksOAxtIxY8yElEWw8RhgK,0.0846,0.786,0.808,0.000289,0.0822,"-3,702",0.0882,0.609,"105,027",4,301714,7,1,2R21vXR83lH98kGeO99Y66,96
18.0,2TH65lNHgvLxCKXM3apjxI,478232047,Callaita,Bad Bunny,https://open.spotify.com/track/2TH65lNHgvLxCKXM3apjxI,0.6,0.61,0.624,2.12e-06,0.243,"-4,773",0.309,0.244,"176,169",4,250534,2,1,4q3ewBCX7sLwd24euuV69X,98
19.0,2JvzF1RMd7lE3KmFlsyZD8,471425764,MIDDLE CHILD,J. Cole,https://open.spotify.com/track/2JvzF1RMd7lE3KmFlsyZD8,0.149,0.837,0.364,0.0,0.271,"-11,713",0.276,0.463,"123,984",4,213594,8,1,6l3HvQ5sa6mXTsMTB19rO5,91
20.0,1rqqCSm0Qe4I9rUvWncaom,470921270,High Hopes,Panic! At The Disco,https://open.spotify.com/track/1rqqCSm0Qe4I9rUvWncaom,0.193,0.579,0.904,0.0,0.064,"-2,729",0.0618,0.681,"82,014",4,190947,5,1,20JZFwl6HVl6yg8a4H3ZqK,88
21.0,2xLMifQCjDGFmkHkpNLD9h,458994547,SICKO MODE,Travis Scott,https://open.spotify.com/track/2xLMifQCjDGFmkHkpNLD9h,0.00513,0.834,0.73,0.0,0.124,"-3,714",0.222,0.446,"155,008",4,312820,8,1,0Y5tJX1MQlPlqiwlOH1tJY,98
22.0,3e9HZxeyfWwjeyPAMmWSSQ,457296092,"thank u, next",Ariana Grande,https://open.spotify.com/track/3e9HZxeyfWwjeyPAMmWSSQ,0.229,0.717,0.653,0.0,0.101,"-5,634",0.0658,0.412,"106,966",4,207320,1,1,66CXWjxzNUsdJxJ2JdwvnR,97
23.0,0hVXuCcriWRGvwMV1r5Yn9,453524592,I Don't Care (with Justin Bieber),Ed Sheeran,https://open.spotify.com/track/0hVXuCcriWRGvwMV1r5Yn9,0.0912,0.798,0.675,0.0,0.0894,"-5,041",0.0442,0.842,"101,956",4,219947,6,1,6eUKZXaKkcviH0Ku9w2n3V,98
24.0,4kV4N9D1iKVxx1KLvtTpjS,437732762,"break up with your girlfriend, i'm bored",Ariana Grande,https://open.spotify.com/track/4kV4N9D1iKVxx1KLvtTpjS,0.0421,0.726,0.554,0.0,0.106,-5.29,0.0917,0.335,"169,999",4,190440,5,0,66CXWjxzNUsdJxJ2JdwvnR,97
25.0,7FGq80cy8juXBCD2nrqdWU,437445791,Eastside (with Halsey & Khalid),benny blanco,https://open.spotify.com/track/7FGq80cy8juXBCD2nrqdWU,0.549,0.632,0.686,0.0,0.2,"-7,665",0.243,0.329,"89,949",4,170770,6,0,5CiGnKThu5ctn9pBxv7DGa,83
26.0,21jGcNKet2qwijlDFuPiPb,428712946,Circles,Post Malone,https://open.spotify.com/track/21jGcNKet2qwijlDFuPiPb,0.192,0.695,0.762,0.00244,0.0863,"-3,497",0.0395,0.553,"120,042",4,215280,0,1,246dkjvS1zLTtiykXe5h60,100
27.0,5qmq61DAAOUaW8AUo8xKhh,428395771,Truth Hurts,Lizzo,https://open.spotify.com/track/5qmq61DAAOUaW8AUo8xKhh,0.11,0.715,0.624,0.0,0.123,"-3,046",0.114,0.412,"158,087",4,173325,4,0,56oDRnqbIiwx4mymNEv7dS,88
28.0,2IRZnDFmlqMuOrYOLnZZyc,424959272,Going Bad (feat. Drake),Meek Mill,https://open.spotify.com/track/2IRZnDFmlqMuOrYOLnZZyc,0.259,0.889,0.496,0.0,0.252,"-6,365",0.0905,0.544,"86,003",4,180522,4,0,20sxb77xiYeusSH8cVdatc,88
29.0,5WHTFyqSii0lmT9R21abT8,415230966,Don't Call Me Up,Mabel,https://open.spotify.com/track/5WHTFyqSii0lmT9R21abT8,0.296,0.674,0.881,3.01e-06,0.0793,"-2,853",0.147,0.234,"98,994",4,178480,9,1,1MIVXf74SZHmTIp4V4paH4,82
30.0,285pBltuF7vW8TeWk8hdRR,413902280,Lucid Dreams,Juice WRLD,https://open.spotify.com/track/285pBltuF7vW8TeWk8hdRR,0.349,0.511,0.566,0.0,0.34,-7.23,0.2,0.218,"83,903",4,239836,6,0,4MCBfE4596Uoi2O4DtmEMz,98
31.0,0uUNN1nSoUx1A4fkDCWDQ7,407647986,So Am I,Ava Max,https://open.spotify.com/track/0uUNN1nSoUx1A4fkDCWDQ7,0.0737,0.682,0.656,0.0,0.353,-4.67,0.0435,0.607,"130,089",4,183027,6,1,4npEfmQ6YuiwW1GpUmaq3F,87
32.0,7dt6x5M1jzdTEt8oCbisTK,405953336,Better Now,Post Malone,https://open.spotify.com/track/7dt6x5M1jzdTEt8oCbisTK,0.331,0.68,0.578,0.0,0.135,"-5,804",0.04,0.341,"145,038",4,231267,10,1,246dkjvS1zLTtiykXe5h60,100
33.0,6b2RcmUt1g9N9mQ3CbjX2Y,399479470,How Do You Sleep?,Sam Smith,https://open.spotify.com/track/6b2RcmUt1g9N9mQ3CbjX2Y,0.153,0.477,0.682,0.0,0.0763,"-4,931",0.0925,0.345,"110,567",5,202205,1,0,2wY79sveU1sp5g7SokKOiI,92
34.0,0e7ipj03S05BNilyu5bRzt,395449434,rockstar (feat. 21 Savage),Post Malone,https://open.spotify.com/track/0e7ipj03S05BNilyu5bRzt,0.124,0.585,0.52,7.01e-05,0.131,"-6,136",0.0712,0.129,"159,801",4,218147,5,0,246dkjvS1zLTtiykXe5h60,100
35.0,51Fjme0JiitpyXKuyQiCDo,394840154,Lalala,Y2K,https://open.spotify.com/track/51Fjme0JiitpyXKuyQiCDo,0.181,0.843,0.391,0.0,0.137,"-7,899",0.0845,0.496,"129,972",4,160627,2,1,6USMTwO0MNDnKte5a5h0xx,81
36.0,7fa9MBXhVfQ8P8Df9OEbD8,391247076,Girls Like You (feat. Cardi B),Maroon 5,https://open.spotify.com/track/7fa9MBXhVfQ8P8Df9OEbD8,0.568,0.851,0.541,0.0,0.13,"-6,825",0.0505,0.448,"124,959",4,235545,0,1,04gDigrS5kc9YWfZHwBETP,94
37.0,6TqXcAFInzjp0bODyvrWEq,391135051,Talk (feat. Disclosure),Khalid,https://open.spotify.com/track/6TqXcAFInzjp0bODyvrWEq,0.051,0.901,0.4,0.0,0.0599,"-8,575",0.126,0.346,"135,984",4,197573,0,1,6LuN9FCkKOj5PcnpouEgny,96
38.0,116H0KvKr2Zl4RPuVBruDO,385397401,MIA (feat. Drake),Bad Bunny,https://open.spotify.com/track/116H0KvKr2Zl4RPuVBruDO,0.0141,0.817,0.539,0.000496,0.099,"-6,349",0.0621,0.158,"97,062",4,210368,6,0,4q3ewBCX7sLwd24euuV69X,98
39.0,1DFD5Fotzgn6yYXkYsKiGs,383102280,Piece Of Your Heart,MEDUZA,https://open.spotify.com/track/1DFD5Fotzgn6yYXkYsKiGs,0.0404,0.677,0.744,0.00016,0.074,"-6,806",0.0295,0.631,124.08,4,152913,10,0,0xRXCcSX89eobfrshSVdyu,85
40.0,43zdsphuZLzwA9k4DJhU0I,383052345,when the party's over,Billie Eilish,https://open.spotify.com/track/43zdsphuZLzwA9k4DJhU0I,0.978,0.367,0.111,3.97e-05,0.0897,"-14,084",0.0972,0.198,"82,642",4,196077,4,1,6qqNVTkY8uBg9cP3Jd7DAH,98
41.0,1Ej96GIBCTvgH7tNX1r3qr,379255058,Otro Trago,Sech,https://open.spotify.com/track/1Ej96GIBCTvgH7tNX1r3qr,0.136,0.747,0.7,0.000167,0.11,"-4,669",0.341,0.62,"176,036",4,225933,0,1,77ziqFxp5gaInVrF2lj4ht,95
42.0,2qxmye6gAegTMjLKEBoR3d,375966129,Let Me Down Slowly,Alec Benjamin,https://open.spotify.com/track/2qxmye6gAegTMjLKEBoR3d,0.74,0.652,0.557,0.0,0.124,"-5,714",0.0318,0.483,"150,073",4,169354,1,0,5IH6FPUwQTxPSXurCrcIov,84
43.0,4R8BJggjosTswLxtkw8V7P,373850485,No Me Conoce - Remix,Jhay Cortez,https://open.spotify.com/track/4R8BJggjosTswLxtkw8V7P,0.145,0.806,0.786,0.0,0.0935,"-3,831",0.0741,0.58,"91,973",4,309120,10,0,0EFisYRi20PTADoJrifHrz,84
44.0,2b8fOow8UzyDFAE27YhOZM,370084251,Memories,Maroon 5,https://open.spotify.com/track/2b8fOow8UzyDFAE27YhOZM,0.837,0.764,0.32,0.0,0.0822,"-7,209",0.0546,0.575,"91,019",4,189486,11,1,04gDigrS5kc9YWfZHwBETP,94
46.0,2qG5sZ7Si6sdK74qLxedYM,363263081,Con Altura,ROSALIA,https://open.spotify.com/track/2qG5sZ7Si6sdK74qLxedYM,0.39,0.882,0.689,0.00325,0.0501,"-4,027",0.124,0.746,"97,963",4,161627,6,1,7ltDVBr6mKbRvohxheJ9h1,87
47.0,4SSnFejRGlZikf02HLewEF,361738496,bury a friend,Billie Eilish,https://open.spotify.com/track/4SSnFejRGlZikf02HLewEF,0.74,0.905,0.389,0.162,0.106,"-14,505",0.332,0.196,"120,046",4,193143,8,1,6qqNVTkY8uBg9cP3Jd7DAH,98
48.0,5ry2OE6R2zPQFDO85XkgRb,361263328,Money In The Grave (Drake ft. Rick Ross),Drake,https://open.spotify.com/track/5ry2OE6R2zPQFDO85XkgRb,0.101,0.831,0.502,0.0,0.122,"-4,045",0.046,0.101,"100,541",4,205427,10,0,3TVXtAsR1Inumwj472S9r4,99
49.0,3ee8Jmje8o58CHK66QrVC2,360048630,SAD!,XXXTENTACION,https://open.spotify.com/track/3ee8Jmje8o58CHK66QrVC2,0.258,0.74,0.613,0.00372,0.123,-4.88,0.145,0.473,"75,023",4,166606,8,1,15UsOTVnJzReFVN1VCnxy4,95
50.0,7COXchtUOMd6uIT6HvmRaI,359061581,i'm so tired...,Lauv,https://open.spotify.com/track/7COXchtUOMd6uIT6HvmRaI,0.176,0.599,0.733,0.0,0.242,"-7,058",0.203,0.534,"102,211",4,162583,11,1,5JZ7CnR6gTvEMKX4g70Amv,91
51.0,5W83ErFkO3aKAIS1WMi6u0,358927858,Secreto,Anuel AA,https://open.spotify.com/track/5W83ErFkO3aKAIS1WMi6u0,0.602,0.807,0.803,0.00853,0.136,"-4,156",0.126,0.706,"91,987",4,258800,11,1,2R21vXR83lH98kGeO99Y66,96
52.0,4w8niZpiMy6qz1mntFA5uM,353713290,"Taki Taki (with Selena Gomez, Ozuna & Cardi B)",DJ Snake,https://open.spotify.com/track/4w8niZpiMy6qz1mntFA5uM,0.157,0.842,0.801,4.82e-06,0.0642,"-4,167",0.228,0.617,"95,881",4,212500,8,0,540vIaP2JwjQb9dm3aArA4,88
53.0,7qiZfU4dY1lWllzX7mPBI3,353578651,Shape of You,Ed Sheeran,https://open.spotify.com/track/7qiZfU4dY1lWllzX7mPBI3,0.581,0.825,0.652,0.0,0.0931,"-3,183",0.0802,0.931,"95,977",4,233713,1,0,6eUKZXaKkcviH0Ku9w2n3V,98
54.0,6zeeWid2sgw4lap2jV61PZ,353040764,Better,Khalid,https://open.spotify.com/track/6zeeWid2sgw4lap2jV61PZ,0.0765,0.596,0.552,0.334,0.104,"-10,278",0.097,0.112,"97,949",4,229320,0,0,6LuN9FCkKOj5PcnpouEgny,96
55.0,0fea68AdmYNygeTGI4RC18,350601983,LA CANCION,J Balvin,https://open.spotify.com/track/0fea68AdmYNygeTGI4RC18,0.152,0.754,0.646,1.85e-05,0.108,"-5,795",0.317,0.429,"176,089",4,242573,7,1,1vyhD5VmyZ7KMfW5gqLgo5,99
56.0,53CJANUxooaqGOtdsBTh7O,350047280,Old Town Road,Lil Nas X,https://open.spotify.com/track/53CJANUxooaqGOtdsBTh7O,0.0361,0.908,0.517,1.73e-06,0.0949,"-6,063",0.129,0.471,"136,019",4,113013,1,1,7jVv8c5Fj3E9VhNjxT4snq,87
57.0,1wJRveJZLSb1rjhnUHQiv6,346465962,Swervin (feat. 6ix9ine),A Boogie Wit da Hoodie,https://open.spotify.com/track/1wJRveJZLSb1rjhnUHQiv6,0.0153,0.581,0.662,0.0,0.111,"-5,239",0.303,0.434,"93,023",4,189487,9,1,31W5EY0aAly4Qieq6OFu6I,91
58.0,0pqnGHJpmpxLKifKRmU6WP,343080186,Believer,Imagine Dragons,https://open.spotify.com/track/0pqnGHJpmpxLKifKRmU6WP,0.0622,0.776,0.78,0.0,0.081,"-4,374",0.128,0.666,"124,949",4,204347,10,0,53XhwfbYqKCa1cC15pYq2q,92
59.0,2iUXsYOEPhVqEBwsqP70rE,334669623,Youngblood,5 Seconds of Summer,https://open.spotify.com/track/2iUXsYOEPhVqEBwsqP70rE,0.0169,0.596,0.854,0.0,0.124,"-5,114",0.463,0.152,"120,274",4,203418,7,0,5Rl15oVamLq7FbSb0NNBNy,87
60.0,4y3OI86AEP6PQoDE6olYhO,315164968,Sucker,Jonas Brothers,https://open.spotify.com/track/4y3OI86AEP6PQoDE6olYhO,0.0427,0.842,0.734,0.0,0.106,"-5,065",0.0588,0.952,"137,958",4,181040,1,0,7gOdHgIoIKoe4i9Tta6qdD,87
61.0,0JP9xo3adEtGSdUEISiszL,314664397,Moonlight,XXXTENTACION,https://open.spotify.com/track/0JP9xo3adEtGSdUEISiszL,0.556,0.921,0.537,0.00404,0.102,"-5,723",0.0804,0.711,"128,009",4,135090,9,0,15UsOTVnJzReFVN1VCnxy4,95
62.0,0tgVpDi06FyKpA1z0VMD4v,310304897,Perfect,Ed Sheeran,https://open.spotify.com/track/0tgVpDi06FyKpA1z0VMD4v,0.163,0.599,0.448,0.0,0.106,"-6,312",0.0232,0.168,95.05,3,263400,8,1,6eUKZXaKkcviH0Ku9w2n3V,98
63.0,3eekarcy7kvN4yt5ZFzltW,309682412,HIGHEST IN THE ROOM,Travis Scott,https://open.spotify.com/track/3eekarcy7kvN4yt5ZFzltW,0.0546,0.598,0.427,5.83e-06,0.21,"-8,764",0.0317,0.0605,"76,469",4,175721,7,0,0Y5tJX1MQlPlqiwlOH1tJY,98
64.0,2YpeDb67231RjR0MgVLzsG,307243369,Old Town Road - Remix,Lil Nas X,https://open.spotify.com/track/2YpeDb67231RjR0MgVLzsG,0.0533,0.878,0.619,0.0,0.113,-5.56,0.102,0.639,"136,041",4,157067,6,1,7jVv8c5Fj3E9VhNjxT4snq,87
66.0,4u7EnebtmKWzUH433cf5Qv,305423901,Bohemian Rhapsody - 2011 Mix,Queen,https://open.spotify.com/track/4u7EnebtmKWzUH433cf5Qv,0.271,0.414,0.404,0.0,0.3,"-9,928",0.0499,0.224,"71,105",4,354320,0,0,1dfeR4HaWDbWqFHLkxsg1d,93
67.0,7uH27oIt4a6cIFCA8ZPcyG,301330276,Baila Baila Baila,Ozuna,https://open.spotify.com/track/7uH27oIt4a6cIFCA8ZPcyG,0.0361,0.816,0.754,0.0,0.217,-2.75,0.111,0.533,"99,966",4,158400,11,0,1i8SpTcr7yvPOmcqrbnVXY,98
68.0,6osaMSJh9NguagEDQcZaKx,296598553,Loco Contigo (feat. J. Balvin & Tyga),DJ Snake,https://open.spotify.com/track/6osaMSJh9NguagEDQcZaKx,0.278,0.694,0.758,1.34e-06,0.102,"-2,986",0.218,0.371,"192,091",4,185195,11,1,540vIaP2JwjQb9dm3aArA4,88
69.0,1c0hsvHLELX6y8qymnpLKL,290429693,Soltera - Remix,Lunay,https://open.spotify.com/track/1c0hsvHLELX6y8qymnpLKL,0.361,0.795,0.783,0.0,0.437,"-4,271",0.0432,0.8,"92,016",4,266087,5,1,47MpMsUfWtgyIIBEFOr4FE,88
70.0,2BgEsaKNfHUdlh97KmvFyo,290392031,2002,Anne-Marie,https://open.spotify.com/track/2BgEsaKNfHUdlh97KmvFyo,0.0372,0.697,0.683,0.0,0.137,"-2,881",0.117,0.603,"96,133",4,186987,1,0,1zNqDE7qDGCsyzJwohVaoX,86
71.0,2P91MQbaiQOfbiz9VqhqKQ,288231385,I Like Me Better,Lauv,https://open.spotify.com/track/2P91MQbaiQOfbiz9VqhqKQ,0.535,0.752,0.505,2.55e-06,0.104,"-7,621",0.253,0.419,91.97,4,197437,9,1,5JZ7CnR6gTvEMKX4g70Amv,91
72.0,5T8EDUDqKcs6OSOwEsfqG7,287730019,Don't Stop Me Now - 2011 Mix,Queen,https://open.spotify.com/track/5T8EDUDqKcs6OSOwEsfqG7,0.0475,0.559,0.868,0.000176,0.776,"-5,276",0.17,0.609,"156,295",4,209413,5,1,1dfeR4HaWDbWqFHLkxsg1d,93
73.0,6v0lAdFF4haL8xjBIUjtOw,286923182,Te Robare,Nicky Jam,https://open.spotify.com/track/6v0lAdFF4haL8xjBIUjtOw,0.241,0.673,0.752,4.51e-05,0.0813,"-3,572",0.0561,0.797,"175,997",4,201818,2,0,1SupJlEpv7RS2tPNRaHViT,94
75.0,7KbF6AdprOXEEHlsq11Z6d,282065182,11:00 pm,Maluma,https://open.spotify.com/track/7KbF6AdprOXEEHlsq11Z6d,0.217,0.777,0.712,0.0,0.091,-4.84,0.277,0.68,"95,692",4,175733,10,1,1r4hJ1h58CWwUQe3MxPuau,92
76.0,5uCax9HTNlzGybIStD3vDh,281985613,Say You Won't Let Go,James Arthur,https://open.spotify.com/track/5uCax9HTNlzGybIStD3vDh,0.695,0.358,0.557,0.0,0.0902,"-7,398",0.059,0.494,"85,043",4,211467,10,1,4IWBUUAFIplrNtaOHcJPRM,87
77.0,6XHVuErjQ4XNm6nDPVCxVX,281633683,No Guidance (feat. Drake),Chris Brown,https://open.spotify.com/track/6XHVuErjQ4XNm6nDPVCxVX,0.123,0.698,0.454,0.0,0.155,"-6,756",0.151,0.137,"92,932",4,260640,1,0,7bXgB6jMjp9ATFy66eO08Z,93
78.0,7aiClxsDWFRQ0Kzk5KI5ku,280915497,hot girl bummer,blackbear,https://open.spotify.com/track/7aiClxsDWFRQ0Kzk5KI5ku,0.128,0.778,0.559,0.0,0.399,"-7,109",0.0776,0.678,"129,989",1,185093,6,0,2cFrymmkijnjDg9SS92EPM,90
79.0,5itOtNx0WxtJmi1TQ3RuRd,278801574,Giant (with Rag'n'Bone Man),Calvin Harris,https://open.spotify.com/track/5itOtNx0WxtJmi1TQ3RuRd,0.016,0.807,0.887,0.000503,0.0811,"-4,311",0.0361,0.606,"122,015",4,229184,1,0,7CajNmpbOovFoOoasH2HaY,90
80.0,5vdp5UmvTsnMEMESIF2Ym7,276114065,Another One Bites The Dust - Remastered 2011,Queen,https://open.spotify.com/track/5vdp5UmvTsnMEMESIF2Ym7,0.112,0.933,0.528,0.312,0.163,"-6,472",0.161,0.754,"109,967",4,214653,5,0,1dfeR4HaWDbWqFHLkxsg1d,93
81.0,5icOoE6VgqFKohjWWNp0Ac,272374472,Here With Me,Marshmello,https://open.spotify.com/track/5icOoE6VgqFKohjWWNp0Ac,0.0623,0.791,0.565,0.0,0.156,"-3,933",0.0439,0.181,"99,961",4,156347,5,0,64KEffDW9EtZ1y2vBYgq8T,90
82.0,0u2P5u6lvoDfwTYjAADbn4,270623566,lovely (with Khalid),Billie Eilish,https://open.spotify.com/track/0u2P5u6lvoDfwTYjAADbn4,0.934,0.351,0.296,0.0,0.095,"-10,109",0.0333,0.12,"115,284",4,200186,4,0,6qqNVTkY8uBg9cP3Jd7DAH,98
83.0,78QR3Wp35dqAhFEc2qAGjE,268726609,Drip Too Hard (Lil Baby & Gunna),Lil Baby,https://open.spotify.com/track/78QR3Wp35dqAhFEc2qAGjE,0.0852,0.897,0.662,0.0,0.534,"-6,903",0.292,0.389,"112,511",4,145543,1,0,5f7VJjfbwm532GiveGC0ZK,93
84.0,2gwkD6igEhQbDQegRCcdoB,268148985,Suge,DaBaby,https://open.spotify.com/track/2gwkD6igEhQbDQegRCcdoB,0.0608,0.876,0.662,0.0,0.127,"-6,482",0.426,0.844,"75,445",4,163320,2,0,4r63FhuTkUYltbVAg5TQnk,95
85.0,0E9ZjEAyAwOXZ7wJC0PD33,267397652,In My Mind,Dynoro,https://open.spotify.com/track/0E9ZjEAyAwOXZ7wJC0PD33,0.176,0.694,0.77,1.1e-05,0.118,"-5,335",0.149,0.163,"125,905",4,184560,6,1,3v6Ji4uoWtKRkhuDUaxi9n,78
86.0,4lzxJ4jCuFDXXGkE1LmpKR,266393254,Verte Ir,DJ Luian,https://open.spotify.com/track/4lzxJ4jCuFDXXGkE1LmpKR,0.391,0.857,0.647,1.2e-06,0.0842,"-4,152",0.0984,0.553,"95,982",4,267500,11,0,64aJYyrXljOodnUG6jvhRD,82
87.0,5KawlOMHjWeUjQtnuRs22c,261504425,Boy With Luv (feat. Halsey),BTS,https://open.spotify.com/track/5KawlOMHjWeUjQtnuRs22c,0.0923,0.645,0.862,0.0,0.192,"-4,757",0.0965,0.798,"119,991",4,229773,11,0,3Nrfpe0tUJi4K4DXYWgMUX,93
88.0,7m9OqQk4RVRkw9JJdeAw96,260460676,Jocelyn Flores,XXXTENTACION,https://open.spotify.com/track/7m9OqQk4RVRkw9JJdeAw96,0.469,0.872,0.391,4.13e-06,0.297,"-9,144",0.242,0.437,"134,021",4,119133,0,0,15UsOTVnJzReFVN1VCnxy4,95
89.0,1zB4vmk8tFRmM9UULNzbLB,258870697,Thunder,Imagine Dragons,https://open.spotify.com/track/1zB4vmk8tFRmM9UULNzbLB,0.00671,0.605,0.822,0.134,0.147,"-4,833",0.0438,0.288,"167,997",4,187147,0,1,53XhwfbYqKCa1cC15pYq2q,92
90.0,7eBqSVxrzQZtK2mmgRG6lC,256405301,Murder On My Mind,YNW Melly,https://open.spotify.com/track/7eBqSVxrzQZtK2mmgRG6lC,0.145,0.759,0.73,3.06e-06,0.11,"-7,985",0.0516,0.74,"115,007",4,268434,0,0,1cNDP5yjU5vjeR8qMf4grg,90
91.0,5PYQUBXc7NYeI1obMKSJK0,253198861,Never Really Over,Katy Perry,https://open.spotify.com/track/5PYQUBXc7NYeI1obMKSJK0,0.194,0.77,0.882,0.0,0.316,"-4,792",0.0602,0.385,"99,991",4,223523,8,1,6jJ0s89eD6GaHleKKya26X,89
92.0,4vUmTMuQqjdnvlZmAH61Qk,250126582,South of the Border (feat. Camila Cabello & Cardi B),Ed Sheeran,https://open.spotify.com/track/4vUmTMuQqjdnvlZmAH61Qk,0.148,0.857,0.621,0.0,0.0865,"-6,376",0.0824,0.668,"97,986",4,204467,9,0,6eUKZXaKkcviH0Ku9w2n3V,98
93.0,6DCZcSspjsKoFjzjrWoCdn,249679896,God's Plan,Drake,https://open.spotify.com/track/6DCZcSspjsKoFjzjrWoCdn,0.0332,0.754,0.449,8.29e-05,0.552,"-9,211",0.109,0.357,"77,169",4,198973,7,1,3TVXtAsR1Inumwj472S9r4,99
94.0,6FyRXC8tJUh863JCkyWqtk,248946391,Adan y Eva,Paulo Londra,https://open.spotify.com/track/6FyRXC8tJUh863JCkyWqtk,0.323,0.767,0.709,0.0,0.0676,-4.47,0.336,0.72,"171,993",4,258639,1,1,3vQ0GE3mI0dAaxIMYe5g7z,86
95.0,3Fj47GNK2kUF0uaEDgXLaD,248318646,wish you were gay,Billie Eilish,https://open.spotify.com/track/3Fj47GNK2kUF0uaEDgXLaD,0.39,0.853,0.351,9.38e-06,0.752,"-10,198",0.241,0.282,"118,028",4,221543,7,1,6qqNVTkY8uBg9cP3Jd7DAH,98
96.0,1HfMVBKM75vxSfsQ5VefZ5,247670122,Lose You To Love Me,Selena Gomez,https://open.spotify.com/track/1HfMVBKM75vxSfsQ5VefZ5,0.576,0.505,0.34,0.0,0.21,"-9,005",0.0438,0.0916,"101,993",4,206459,4,1,0C8ZW7ezQVs4URX5aX7Kqx,93
97.0,3Ol2xnObFdKV9pmRD2t9x8,245999607,Look Back at It,A Boogie Wit da Hoodie,https://open.spotify.com/track/3Ol2xnObFdKV9pmRD2t9x8,0.407,0.791,0.587,0.0,0.148,"-5,075",0.0413,0.536,"96,057",4,179449,3,0,31W5EY0aAly4Qieq6OFu6I,91
98.0,6oJ6le65B3SEqPwMRNXWjY,244663742,Higher Love,Kygo,https://open.spotify.com/track/6oJ6le65B3SEqPwMRNXWjY,0.0154,0.693,0.678,6.05e-06,0.101,"-7,159",0.0324,0.404,"103,952",4,228267,8,1,23fqKkggKUBHNkbKtXEls4,89
99.0,6LsAAHotRLMOHfCsSfYCsz,243846086,If I Can't Have You,Shawn Mendes,https://open.spotify.com/track/6LsAAHotRLMOHfCsSfYCsz,0.524,0.692,0.809,0.0,0.147,"-4,198",0.0602,0.864,"123,911",4,190800,2,1,7n2wHs1TKAczGzO7Dd2rGr,94
100.0,25ZAibhr3bdlMCLmubZDVt,243022680,QUE PRETENDES,J Balvin,https://open.spotify.com/track/25ZAibhr3bdlMCLmubZDVt,0.0275,0.639,0.791,0.0,0.362,"-4,443",0.253,0.939,"92,603",4,222347,10,0,1vyhD5VmyZ7KMfW5gqLgo5,99
101.0,1tNJrcVe6gwLEiZCtprs1u,241871669,3 Nights,Dominic Fike,https://open.spotify.com/track/1tNJrcVe6gwLEiZCtprs1u,0.223,0.815,0.518,0.0,0.104,"-6,594",0.0897,0.877,"151,891",4,177667,7,0,6USv9qhCn6zfxlBQIYJ9qs,78
102.0,5JEx7HbmvHQQswJCsoo9rA,241771587,Close To Me (with Diplo) (feat. Swae Lee),Ellie Goulding,https://open.spotify.com/track/5JEx7HbmvHQQswJCsoo9rA,0.0969,0.574,0.758,0.0,0.395,"-5,029",0.0621,0.492,"144,111",4,182623,1,0,0X2BH1fck6amBIoJhDVmmJ,87
103.0,0FZ4Dmg8jJJAPJnvBIzD9z,234743093,ZEZE,Kodak Black,https://open.spotify.com/track/0FZ4Dmg8jJJAPJnvBIzD9z,0.0521,0.861,0.603,0.0,0.0924,"-5,788",0.176,0.504,"98,043",4,228760,8,0,46SHBwWsqBkxI7EeeBEQG7,87
104.0,58q2HKrzhC3ozto2nDdN4z,232540653,I Like It,Cardi B,https://open.spotify.com/track/58q2HKrzhC3ozto2nDdN4z,0.099,0.816,0.726,0.0,0.372,"-3,998",0.129,0.65,"136,048",4,253390,5,0,4kYSro6naA4h99UJvo89HB,92
105.0,6moU77g9RQyMzHNuKEaQKq,231359951,It's You,Ali Gatie,https://open.spotify.com/track/6moU77g9RQyMzHNuKEaQKq,0.374,0.732,0.463,0.0,0.194,"-6,972",0.0287,0.397,"95,971",4,212607,11,0,4rTv3Ejc7hKMtmoBOK1B4T,82
106.0,1mXVgsBdtIVeCLJnSnmtdV,231333261,Too Good At Goodbyes,Sam Smith,https://open.spotify.com/track/1mXVgsBdtIVeCLJnSnmtdV,0.64,0.681,0.372,0.0,0.169,"-8,237",0.0432,0.476,"91,873",4,201000,5,1,2wY79sveU1sp5g7SokKOiI,92
107.0,4bTZeO72FwMa6wKOiqoynL,225763114,Otro Trago - Remix,Sech,https://open.spotify.com/track/4bTZeO72FwMa6wKOiqoynL,0.0711,0.725,0.79,1.14e-06,0.0602,"-2,331",0.197,0.763,"175,988",4,287773,0,1,77ziqFxp5gaInVrF2lj4ht,95
108.0,2tnVG71enUj33Ic2nFN6kZ,224475222,Ride It,Regard,https://open.spotify.com/track/2tnVG71enUj33Ic2nFN6kZ,0.177,0.88,0.751,6.43e-05,0.106,"-4,258",0.0874,0.884,"117,948",4,157606,7,0,4ofCBoyEiGSePFAG500xev,83
109.0,0Ryd8975WihbObpp5cPW1t,220843950,boyfriend (with Social House),Ariana Grande,https://open.spotify.com/track/0Ryd8975WihbObpp5cPW1t,0.119,0.4,0.795,0.0,0.159,"-3,731",0.461,0.702,"190,097",4,186107,10,0,66CXWjxzNUsdJxJ2JdwvnR,97
110.0,6WrI0LAC5M1Rw2MnX2ZvEg,214189803,Don't Start Now,Dua Lipa,https://open.spotify.com/track/6WrI0LAC5M1Rw2MnX2ZvEg,0.0125,0.794,0.793,0.0,0.0952,"-4,521",0.0842,0.677,"123,941",4,183290,11,0,6M2wZ9GZgrQXHCFfjv46we,93
111.0,6cy3ki60hLwimwIje7tALf,212689345,RITMO (Bad Boys For Life),The Black Eyed Peas,https://open.spotify.com/track/6cy3ki60hLwimwIje7tALf,0.0334,0.721,0.716,0.00084,0.237,"-7,037",0.0657,0.667,"104,994",4,221714,10,0,1yxSLGMDHlW21z4YXirZDS,88
112.0,059bcIhyc2SBwm6sw2AZzd,209597510,Te Vi,Piso 21,https://open.spotify.com/track/059bcIhyc2SBwm6sw2AZzd,0.0446,0.877,0.777,3.46e-05,0.0863,"-4,246",0.117,0.706,102.02,4,231848,1,1,4bw2Am3p9ji3mYsXNXtQcd,84
113.0,0RiRZpuVRbi7oqRdSMwhQY,209280692,Sunflower - Spider-Man: Into the Spider-Verse,Post Malone,https://open.spotify.com/track/0RiRZpuVRbi7oqRdSMwhQY,0.533,0.755,0.522,0.0,0.0685,"-4,368",0.0575,0.925,89.96,4,157560,2,1,246dkjvS1zLTtiykXe5h60,100
114.0,3jbT1Y5MoPwEIpZndDDwVq,208735836,Adicto (with Anuel AA & Ozuna),Tainy,https://open.spotify.com/track/3jbT1Y5MoPwEIpZndDDwVq,0.017,0.734,0.836,1.64e-05,0.179,"-4,803",0.0735,0.623,"80,002",4,270741,10,0,0GM7qgcRCORpGnfcN2tCiB,86
115.0,2t8yVaLvJ0RenpXUIAC52d,208239865,a lot,21 Savage,https://open.spotify.com/track/2t8yVaLvJ0RenpXUIAC52d,0.0395,0.837,0.636,0.00125,0.342,"-7,643",0.086,0.274,"145,972",4,288624,1,1,1URnnhqYAYcrqrcwql10ft,90
116.0,5kfNriitmkNE8mUbZ7gbq8,207066874,Saturday Nights,Khalid,https://open.spotify.com/track/5kfNriitmkNE8mUbZ7gbq8,0.606,0.551,0.44,3.02e-05,0.11,"-8,559",0.0985,0.341,"167,923",4,210667,10,1,6LuN9FCkKOj5PcnpouEgny,96
117.0,5N5k9nd479b1xpDZ4usjrg,206233231,Promises (with Sam Smith),Calvin Harris,https://open.spotify.com/track/5N5k9nd479b1xpDZ4usjrg,0.0119,0.781,0.768,4.91e-06,0.325,"-5,991",0.0394,0.486,123.07,4,213309,11,1,7CajNmpbOovFoOoasH2HaY,90
118.0,696DnlkuDOXcMAnKlTgXXK,205286838,ROXANNE,Arizona Zervas,https://open.spotify.com/track/696DnlkuDOXcMAnKlTgXXK,0.0522,0.621,0.601,0.0,0.46,"-5,616",0.148,0.457,"116,735",5,163636,6,0,0vRvGUQVUjytro0xpb26bs,89
119.0,0mjAU3yKR1QnXnHtjGJqTM,204469447,Rescue Me,OneRepublic,https://open.spotify.com/track/0mjAU3yKR1QnXnHtjGJqTM,0.156,0.759,0.605,0.0,0.694,"-7,737",0.0433,0.64,"121,049",4,158900,7,1,5Pwc4xIPtQLFEnJriah9YJ,86
120.0,7BlBVFwvbWvcwNcUarQmjk,203856399,"Yo x Ti, Tu x Mi",ROSALÃA,https://open.spotify.com/track/7BlBVFwvbWvcwNcUarQmjk,0.462,0.78,0.759,0.000868,0.143,"-3,292",0.225,0.579,"91,952",4,201040,1,1,7ltDVBr6mKbRvohxheJ9h1,87
121.0,1rfofaqEpACxVEHIZBJe6W,202327212,Havana (feat. Young Thug),Camila Cabello,https://open.spotify.com/track/1rfofaqEpACxVEHIZBJe6W,0.184,0.765,0.523,3.56e-05,0.132,"-4,333",0.03,0.394,"104,988",4,217307,2,1,4nDoRrQiYLoBzwC5BhVJzF,96
122.0,1LiN0Z98FkR1t0m8KmLcAH,201259287,Amanece,Anuel AA,https://open.spotify.com/track/1LiN0Z98FkR1t0m8KmLcAH,0.437,0.79,0.631,0.0,0.158,"-5,549",0.0425,0.889,"94,039",4,190005,8,0,2R21vXR83lH98kGeO99Y66,96
123.0,7g8YaUQABMal0zWe7a2ijz,200055329,Pa MI- Remix,Dalex,https://open.spotify.com/track/7g8YaUQABMal0zWe7a2ijz,0.753,0.688,0.62,5.27e-06,0.158,"-8,029",0.22,0.727,"170,018",4,360960,11,0,0KPX4Ucy9dk82uj4GpKesn,93
124.0,1nocRtwyNPVtGcIJqfgdzZ,199941831,Tutu,Camilo,https://open.spotify.com/track/1nocRtwyNPVtGcIJqfgdzZ,0.273,0.731,0.832,0.0,0.0665,"-2,592",0.0503,0.94,"146,013",4,178613,9,1,28gNT5KBp7IjEOQoevXf9N,86
125.0,7K7MUBCnzgBAvMVW2RTWNs,199561494,Body (feat. brando),Loud Luxury,https://open.spotify.com/track/7K7MUBCnzgBAvMVW2RTWNs,0.0476,0.752,0.764,9.44e-05,0.0543,"-4,399",0.038,0.582,"121,958",4,163216,1,1,6t1gpxYbY8OlLA7D2RiikQ,78
126.0,3swc6WTsr7rl9DqQKQA55C,195603663,Psycho (feat. Ty Dolla $ign),Post Malone,https://open.spotify.com/track/3swc6WTsr7rl9DqQKQA55C,0.546,0.75,0.56,0.0,0.111,"-8,094",0.105,0.459,140.06,4,221440,8,1,246dkjvS1zLTtiykXe5h60,100
127.0,6fxVffaTuwjgEk5h9QyRjy,195029499,Photograph,Ed Sheeran,https://open.spotify.com/track/6fxVffaTuwjgEk5h9QyRjy,0.607,0.614,0.379,0.000464,0.0986,-10.48,0.0476,0.201,"107,989",4,258987,4,1,6eUKZXaKkcviH0Ku9w2n3V,98
128.0,2RSHsoi04658QL5xgQVov3,193969417,Bad Liar,Imagine Dragons,https://open.spotify.com/track/2RSHsoi04658QL5xgQVov3,0.0722,0.383,0.637,0.0,0.368,"-6,993",0.0703,0.0827,"177,913",4,260773,3,1,53XhwfbYqKCa1cC15pYq2q,92
129.0,2wrJq5XKLnmhRXHIAf9xBa,193331911,"10,000 Hours (with Justin Bieber)",Dan + Shay,https://open.spotify.com/track/2wrJq5XKLnmhRXHIAf9xBa,0.153,0.654,0.63,0.0,0.111,"-4,644",0.0259,0.43,"89,991",4,167693,10,1,7z5WFjZAIYejWy0NI5lv4T,85
130.0,7BKLCZ1jbUBVqRi2FVlTVw,193248040,Closer,The Chainsmokers,https://open.spotify.com/track/7BKLCZ1jbUBVqRi2FVlTVw,0.414,0.748,0.524,0.0,0.111,"-5,599",0.0338,0.661,95.01,4,244960,8,1,69GGBxA162lTqCwzJG5jLp,91
131.0,2fuCquhmrzHpu5xcA1ci9x,193127265,Under Pressure - Remastered,Queen,https://open.spotify.com/track/2fuCquhmrzHpu5xcA1ci9x,0.429,0.671,0.712,0.0,0.103,"-7,815",0.0476,0.462,"113,805",4,248440,2,1,1dfeR4HaWDbWqFHLkxsg1d,93
132.0,63cd4JkwGgYJrbOizbfmsp,193090742,Pure Water (with Migos),Mustard,https://open.spotify.com/track/63cd4JkwGgYJrbOizbfmsp,0.172,0.68,0.559,0.0,0.318,"-5,545",0.129,0.137,"202,006",4,194520,0,1,0YinUQ50QDB7ZxSCLyQ40k,86
133.0,1NJcg626wLln4pGHpiV7mf,190034741,lovely,Billie Eilish,https://open.spotify.com/track/1NJcg626wLln4pGHpiV7mf,0.934,0.351,0.296,0.0,0.095,"-10,109",0.0333,0.12,"115,284",4,200186,4,0,6qqNVTkY8uBg9cP3Jd7DAH,98
134.0,40T5GIqQ1CegGm2PTEl8Bu,185239405,idontwannabeyouanymore,Billie Eilish,https://open.spotify.com/track/40T5GIqQ1CegGm2PTEl8Bu,0.737,0.483,0.412,0.0,0.116,"-8,461",0.0402,0.247,"170,163",3,203569,7,1,6qqNVTkY8uBg9cP3Jd7DAH,98
135.0,5qrSlOut2rNAWv3ubArkNy,185142138,Be Alright,Dean Lewis,https://open.spotify.com/track/5qrSlOut2rNAWv3ubArkNy,0.705,0.551,0.537,0.0,0.0802,"-7,595",0.034,0.493,"126,421",4,196493,11,1,3QSQFmccmX81fWCUSPTS7y,83
136.0,6fTt0CH2t0mdeB2N9XFG5r,184771732,Panini,Lil Nas X,https://open.spotify.com/track/6fTt0CH2t0mdeB2N9XFG5r,0.342,0.703,0.594,0.0,0.123,"-6,146",0.0752,0.475,"153,848",4,114893,5,0,7jVv8c5Fj3E9VhNjxT4snq,87
137.0,1xzBco0xcoJEDXktl7Jxrr,183562149,Mo Bamba,Sheck Wes,https://open.spotify.com/track/1xzBco0xcoJEDXktl7Jxrr,0.194,0.729,0.625,0.00986,0.248,"-5,266",0.0315,0.261,"146,034",4,183907,4,1,2RDOrhPqAM4jzTRCEb19qX,78
138.0,0DiDStADDVh3SvAsoJAFMk,182748769,Only Human,Jonas Brothers,https://open.spotify.com/track/0DiDStADDVh3SvAsoJAFMk,0.108,0.795,0.496,0.0,0.0645,"-5,883",0.0722,0.874,94.01,4,183000,0,1,7gOdHgIoIKoe4i9Tta6qdD,87
139.0,4hPpVbbakQNv8YTHYaOJP4,181600204,One Thing Right,Marshmello,https://open.spotify.com/track/4hPpVbbakQNv8YTHYaOJP4,0.0667,0.659,0.623,0.0,0.582,"-2,253",0.0451,0.439,"88,042",4,181824,4,1,64KEffDW9EtZ1y2vBYgq8T,90
140.0,7ef4DlsgrMEH11cDZd32M6,179844243,One Kiss (with Dua Lipa),Calvin Harris,https://open.spotify.com/track/7ef4DlsgrMEH11cDZd32M6,0.037,0.791,0.862,2.19e-05,0.0814,-3.24,0.11,0.592,"123,994",4,214847,9,0,7CajNmpbOovFoOoasH2HaY,90
142.0,1kBbgxAUc4HQv7cgIayIDH,178836034,Ransom,Lil Tecca,https://open.spotify.com/track/1kBbgxAUc4HQv7cgIayIDH,0.0204,0.745,0.642,0.0,0.0658,"-6,257",0.287,0.226,"179,974",4,131280,7,0,4Ga1P7PMIsmqEZqhYZQgDo,88
143.0,3ZCTVFBt2Brf31RLEnCkWJ,177946722,everything i wanted,Billie Eilish,https://open.spotify.com/track/3ZCTVFBt2Brf31RLEnCkWJ,0.902,0.704,0.225,0.657,0.106,"-14,454",0.0994,0.243,"120,006",4,245426,6,0,6qqNVTkY8uBg9cP3Jd7DAH,98
144.0,0s5DNDV6LAKn2u2Ufa3VjQ,177745215,Desconocidos,Mau y Ricky,https://open.spotify.com/track/0s5DNDV6LAKn2u2Ufa3VjQ,0.146,0.709,0.771,3.29e-06,0.249,"-4,598",0.166,0.709,"174,006",4,204453,7,1,2wkoKEfS6dXwThbyTnZWFU,83
145.0,5hVghJ4KaYES3BFUATCYn0,177312035,EARFQUAKE,"Tyler, The Creator",https://open.spotify.com/track/5hVghJ4KaYES3BFUATCYn0,0.23,0.554,0.498,5.98e-06,0.795,"-8,866",0.0685,0.413,"79,635",4,190067,9,1,4V8LLVI7PbaPR0K2TGSxFF,87
146.0,6Gg1gjgKi2AK4e0qzsR7sd,177166322,Bandit (with YoungBoy Never Broke Again),Juice WRLD,https://open.spotify.com/track/6Gg1gjgKi2AK4e0qzsR7sd,0.0687,0.474,0.631,0.0,0.132,"-5,884",0.343,0.425,"180,051",4,189323,5,0,4MCBfE4596Uoi2O4DtmEMz,98
147.0,09IStsImFySgyp0pIQdqAc,175754033,The Middle,Zedd,https://open.spotify.com/track/09IStsImFySgyp0pIQdqAc,0.171,0.753,0.657,0.0,0.112,"-3,061",0.0449,0.437,107.01,4,184732,7,1,2qxJFvFYMEDqd7ui6kSAcq,86
148.0,2x0RZdkZcD8QRI53XT4GI5,175735987,SOS (feat. Aloe Blacc),Avicii,https://open.spotify.com/track/2x0RZdkZcD8QRI53XT4GI5,0.272,0.802,0.645,0.0,0.119,"-6,181",0.0715,0.376,"100,001",4,157202,5,0,1vCWHaC5f2uS3yhpwWbIA6,89
149.0,2uIX8YMNjGMD7441kqyyNU,174000961,ocean eyes,Billie Eilish,https://open.spotify.com/track/2uIX8YMNjGMD7441kqyyNU,0.819,0.475,0.37,0.0577,0.0841,"-7,725",0.0361,0.157,"144,828",4,200560,4,0,6qqNVTkY8uBg9cP3Jd7DAH,98
151.0,5jW3rF4URMdK7tO2xjS5EI,172766601,Tal Vez,Paulo Londra,https://open.spotify.com/track/5jW3rF4URMdK7tO2xjS5EI,0.25,0.855,0.649,0.0,0.0801,"-2,443",0.151,0.741,"161,986",4,263899,8,1,3vQ0GE3mI0dAaxIMYe5g7z,86
153.0,2rbDhOo9Fh61Bbu23T2qCk,172146721,Always Remember Us This Way,Lady Gaga,https://open.spotify.com/track/2rbDhOo9Fh61Bbu23T2qCk,0.299,0.553,0.502,0.0,0.764,"-5,972",0.0409,0.296,"129,976",4,210200,0,1,1HY2Jd0NmPuamShAr6KMms,89
154.0,4pUCKHjJ4Ijewc37rRrvHn,170650554,Kill This Love,BLACKPINK,https://open.spotify.com/track/4pUCKHjJ4Ijewc37rRrvHn,0.32,0.738,0.861,0.00175,0.325,"-4,141",0.237,0.58,"131,974",4,189052,2,1,41MozSoPIsD1dJM0CLPjZF,83
155.0,6Hj9jySrnFppAI0sEMCZpJ,168363558,Robbery,Juice WRLD,https://open.spotify.com/track/6Hj9jySrnFppAI0sEMCZpJ,0.328,0.685,0.692,0.0,0.153,"-5,122",0.0457,0.578,"159,966",5,240051,2,1,4MCBfE4596Uoi2O4DtmEMz,98
156.0,27rdGxbavYJeBphck5MZAF,167869894,Nothing Breaks Like a Heart (feat. Miley Cyrus),Mark Ronson,https://open.spotify.com/track/27rdGxbavYJeBphck5MZAF,0.00987,0.601,0.794,1.36e-06,0.388,"-5,844",0.0671,0.244,"114,066",4,217467,7,0,3hv9jJF3adDNsBSIQDqcjp,83
157.0,7LzouaWGFCy4tkXDOOnEyM,166831567,Liar,Camila Cabello,https://open.spotify.com/track/7LzouaWGFCy4tkXDOOnEyM,0.0169,0.74,0.498,0.00282,0.319,"-6,684",0.0456,0.652,"98,016",4,207039,11,0,4nDoRrQiYLoBzwC5BhVJzF,96
158.0,5qqabIl2vWzo9ApSC317sa,165134319,Wonderwall - Remastered,Oasis,https://open.spotify.com/track/5qqabIl2vWzo9ApSC317sa,0.000452,0.378,0.896,0.0,0.194,"-4,066",0.0407,0.469,"174,302",4,258773,2,1,2DaxqgrOhkeH0fpeiQq2f4,82
159.0,7DcvwMAiqKJQD1rrdfxSDx,164727863,The London (feat. J. Cole & Travis Scott),Young Thug,https://open.spotify.com/track/7DcvwMAiqKJQD1rrdfxSDx,0.0247,0.796,0.586,0.0,0.132,"-6,946",0.147,0.179,"97,981",4,200107,4,0,50co4Is1HCEo8bhOyUWKpn,94
160.0,6wo37KVqFJhtuxPTpLCcfe,164486107,Takeaway (feat. Lennon Stella),The Chainsmokers,https://open.spotify.com/track/6wo37KVqFJhtuxPTpLCcfe,0.12,0.294,0.505,0.0,0.0977,"-8,106",0.042,0.357,"85,332",1,209893,3,1,69GGBxA162lTqCwzJG5jLp,91
162.0,6nDKrPlXdpomGBgAlO7UdP,160799615,SOS,Avicii,https://open.spotify.com/track/6nDKrPlXdpomGBgAlO7UdP,0.272,0.802,0.645,0.0,0.119,"-6,181",0.0715,0.376,"100,001",4,157202,5,0,1vCWHaC5f2uS3yhpwWbIA6,89
163.0,6IRdLKIyS4p7XNiP8r6rsx,159097280,all the good girls go to hell,Billie Eilish,https://open.spotify.com/track/6IRdLKIyS4p7XNiP8r6rsx,0.283,0.726,0.444,0.143,0.177,"-8,922",0.372,0.569,"185,044",4,168840,8,0,6qqNVTkY8uBg9cP3Jd7DAH,98
164.0,4n7jnSxVLd8QioibtTDBDq,158069872,On My Way,Alan Walker,https://open.spotify.com/track/4n7jnSxVLd8QioibtTDBDq,0.0209,0.509,0.689,0.0,0.301,"-4,929",0.102,0.297,"170,087",4,193798,1,0,7vk5e3vY1uw9plTHJAMwjN,89
165.0,6CcJMwBtXByIz4zQLzFkKc,157184058,i love you,Billie Eilish,https://open.spotify.com/track/6CcJMwBtXByIz4zQLzFkKc,0.952,0.421,0.131,0.00453,0.109,"-18,435",0.0382,0.12,"137,446",4,291796,0,1,6qqNVTkY8uBg9cP3Jd7DAH,98
167.0,5IaHrVsrferBYDm0bDyABy,156513581,Taste (feat. Offset),Tyga,https://open.spotify.com/track/5IaHrVsrferBYDm0bDyABy,0.0236,0.884,0.559,0.0,0.101,"-7,442",0.12,0.342,"97,994",4,232959,0,1,5LHRHt1k9lMyONurDHEdrp,92
168.0,2G1tXoGBaEMJ7FKGnkf6ud,156117240,Wake Up in the Sky,Gucci Mane,https://open.spotify.com/track/2G1tXoGBaEMJ7FKGnkf6ud,0.00381,0.8,0.578,0.0,0.367,"-5,144",0.0485,0.367,143.01,4,203161,4,0,13y7CgLHjMVRMDqxdx0Xdo,87
169.0,29fRTIKsJhLUJoldM89GZS,155478693,You Need To Calm Down,Taylor Swift,https://open.spotify.com/track/29fRTIKsJhLUJoldM89GZS,0.00838,0.769,0.678,0.0,0.0596,"-5,604",0.0507,0.706,"85,025",4,171387,2,1,06HL4z0CvFAxyc27GXpf02,95
170.0,6uFn47ACjqYkc0jADwEdj1,154971084,Pop Out (feat. Lil Tjay),Polo G,https://open.spotify.com/track/6uFn47ACjqYkc0jADwEdj1,0.15,0.772,0.639,0.0,0.0698,"-7,119",0.467,0.261,"168,112",4,166560,1,1,6AgTAQt8XS6jRWi4sX7w49,82
171.0,0bYg9bo50gSsH3LtXe2SQn,154471340,All I Want for Christmas Is You,Mariah Carey,https://open.spotify.com/track/0bYg9bo50gSsH3LtXe2SQn,0.164,0.335,0.625,0.0,0.0708,"-7,462",0.0386,0.346,"150,277",4,241107,7,1,4iHNK0tOyZPYnBU7nGAgpQ,89
172.0,2qT1uLXPVPzGgFOx4jtEuo,154319901,no tears left to cry,Ariana Grande,https://open.spotify.com/track/2qT1uLXPVPzGgFOx4jtEuo,0.04,0.699,0.713,3.11e-06,0.294,"-5,507",0.0594,0.354,"121,993",4,205920,9,0,66CXWjxzNUsdJxJ2JdwvnR,97
173.0,1dGr1c8CrMLDpV6mPbImSI,153857907,Lover,Taylor Swift,https://open.spotify.com/track/1dGr1c8CrMLDpV6mPbImSI,0.492,0.359,0.543,1.58e-05,0.118,"-7,582",0.0919,0.453,"68,534",4,221307,7,1,06HL4z0CvFAxyc27GXpf02,95
174.0,7CZyCXKG6d5ALeq41sLzbw,153232549,Take What You Want (feat. Ozzy Osbourne & Travis Scott),Post Malone,https://open.spotify.com/track/7CZyCXKG6d5ALeq41sLzbw,0.0906,0.499,0.8,0.0,0.147,"-2,665",0.0502,0.272,"139,919",4,229573,1,0,246dkjvS1zLTtiykXe5h60,100
175.0,7fODjB7BrQTGqh0hogW6XD,152569208,Que Mas Pues - Remix,Justin Quiles,https://open.spotify.com/track/7fODjB7BrQTGqh0hogW6XD,0.121,0.648,0.661,2.33e-06,0.12,"-5,027",0.195,0.813,"113,363",5,305962,11,1,77ziqFxp5gaInVrF2lj4ht,95
177.0,6RUKPb4LETWmmr3iAEQktW,152252829,Something Just Like This,The Chainsmokers,https://open.spotify.com/track/6RUKPb4LETWmmr3iAEQktW,0.0498,0.617,0.635,1.44e-05,0.164,"-6,769",0.0317,0.446,"103,019",4,247160,11,0,69GGBxA162lTqCwzJG5jLp,91
178.0,1LIqNVhaIgxXUt2eVoIQJ3,152023549,HP,Maluma,https://open.spotify.com/track/1LIqNVhaIgxXUt2eVoIQJ3,0.252,0.837,0.791,1.14e-06,0.188,"-3,157",0.0773,0.618,91.98,4,184436,4,0,1r4hJ1h58CWwUQe3MxPuau,92
179.0,3XF5xLJHOQQRbWya6hBp7d,148910211,you should see me in a crown,Billie Eilish,https://open.spotify.com/track/3XF5xLJHOQQRbWya6hBp7d,0.462,0.678,0.533,0.219,0.139,"-10,485",0.186,0.323,"150,455",4,180953,4,1,6qqNVTkY8uBg9cP3Jd7DAH,98
180.0,322tcqPhma7F6hfCeLisx0,146033660,"fuck, i'm lonely (with Anne-Marie) - from â€œ13 Reasons Why: Season 3â€",Lauv,https://open.spotify.com/track/322tcqPhma7F6hfCeLisx0,0.482,0.806,0.558,0.0,0.0618,-6.46,0.0683,0.678,"95,016",4,198973,9,1,5JZ7CnR6gTvEMKX4g70Amv,91
181.0,6kls8cSlUyHW2BUOkDJIZE,145347250,Hate Me (with Juice WRLD),Ellie Goulding,https://open.spotify.com/track/6kls8cSlUyHW2BUOkDJIZE,0.108,0.657,0.768,0.0,0.144,"-4,628",0.0507,0.759,"75,025",4,186223,8,1,0X2BH1fck6amBIoJhDVmmJ,87
182.0,6V9fHiv84WlVTg7CSnIVY2,145167518,Graveyard,Halsey,https://open.spotify.com/track/6V9fHiv84WlVTg7CSnIVY2,0.231,0.667,0.583,4.48e-05,0.181,"-5,127",0.0747,0.187,"92,043",4,181806,11,0,26VFTg2z8YR0cCuwLzESi2,92
183.0,7k4t7uLgtOxPwTpFmtJNTY,145149036,Tusa,KAROL G,https://open.spotify.com/track/7k4t7uLgtOxPwTpFmtJNTY,0.295,0.803,0.715,0.000134,0.0574,-3.28,0.298,0.574,"101,085",4,200960,2,1,790FomKkXshlbRYZFtlgla,92
184.0,3oh6SCCeLuXhFpEyepla6G,144487661,Thotiana,Blueface,https://open.spotify.com/track/3oh6SCCeLuXhFpEyepla6G,0.18,0.906,0.382,0.0,0.113,-12.89,0.269,0.391,"104,025",4,129264,10,0,3Fl1V19tmjt57oBdxXKAjJ,81
185.0,6MJUCumnQsQEKbCy28tbCP,144255522,Adictiva,Daddy Yankee,https://open.spotify.com/track/6MJUCumnQsQEKbCy28tbCP,0.291,0.788,0.771,5.62e-05,0.172,"-3,206",0.0563,0.701,"99,038",4,207853,4,0,4VMYDCV2IEDYJArk749S6m,95
186.0,76cy1WJvNGJTj78UqeA5zr,143425447,IDGAF,Dua Lipa,https://open.spotify.com/track/76cy1WJvNGJTj78UqeA5zr,0.0403,0.836,0.544,0.0,0.0824,"-5,975",0.0943,0.51,"97,028",4,217947,7,1,6M2wZ9GZgrQXHCFfjv46we,93
187.0,79esEXlqqmq0GPz0xQSZTV,143302577,Lost In Japan,Shawn Mendes,https://open.spotify.com/track/79esEXlqqmq0GPz0xQSZTV,0.255,0.713,0.738,0.0,0.106,"-6,784",0.374,0.425,"105,027",4,201200,10,1,7n2wHs1TKAczGzO7Dd2rGr,94
190.0,6mAN61JH0dzyZpWslS11jy,142361657,Fantasias,Rauw Alejandro,https://open.spotify.com/track/6mAN61JH0dzyZpWslS11jy,0.143,0.879,0.703,0.0,0.0569,"-4,219",0.0701,0.788,"94,004",4,199711,1,1,1mcTU81TzQhprhouKaTkpq,89
192.0,3a1lNhkSLSkpJE4MSHpDu9,142006864,Congratulations,Post Malone,https://open.spotify.com/track/3a1lNhkSLSkpJE4MSHpDu9,0.215,0.63,0.804,0.0,0.253,"-4,183",0.0363,0.492,"123,146",4,220293,6,1,246dkjvS1zLTtiykXe5h60,100
193.0,2G7V7zsVDxg1yRsu7Ew9RJ,140455238,In My Feelings,Drake,https://open.spotify.com/track/2G7V7zsVDxg1yRsu7Ew9RJ,0.0589,0.835,0.626,6.00E-05,0.396,"-5,833",0.125,0.35,91.03,4,217925,1,1,3TVXtAsR1Inumwj472S9r4,99
194.0,0PG9fbaaHFHfre2gUVo7AN,140443870,Please Me,Cardi B,https://open.spotify.com/track/0PG9fbaaHFHfre2gUVo7AN,0.0642,0.747,0.57,0.0,0.0832,"-6,711",0.081,0.65,"133,992",4,200890,1,1,4kYSro6naA4h99UJvo89HB,92
196.0,1kK6DwzyXJSp58u5HYWwuD,140127272,"Go Loko (feat. Tyga, Jon Z)",YG,https://open.spotify.com/track/1kK6DwzyXJSp58u5HYWwuD,0.325,0.88,0.67,4.17e-06,0.0662,"-5,177",0.0468,0.131,"101,008",4,299227,2,1,0A0FS04o6zMoto8OKPsDwY,86
198.0,4MsUsFfWseB9M2plGJyuIw,137764356,ME! (feat. Brendon Urie of Panic! At The Disco),Taylor Swift,https://open.spotify.com/track/4MsUsFfWseB9M2plGJyuIw,0.0291,0.614,0.839,0.0,0.112,"-4,143",0.0702,0.657,"182,123",4,193040,0,1,06HL4z0CvFAxyc27GXpf02,95
199.0,7njKgVl3AnLflRad38o7AG,137375321,Paradise,Bazzi,https://open.spotify.com/track/7njKgVl3AnLflRad38o7AG,0.0828,0.844,0.644,0.0,0.113,"-6,273",0.0479,0.591,"122,061",4,169038,11,0,4GvEc3ANtPPjt1ZJllr5Zl,86
200.0,6gBFPUFcJLzWGx4lenP6h2,137088727,goosebumps,Travis Scott,https://open.spotify.com/track/6gBFPUFcJLzWGx4lenP6h2,0.0847,0.841,0.728,0.0,0.149,-3.37,0.0484,0.43,"130,049",4,243837,7,1,0Y5tJX1MQlPlqiwlOH1tJY,98
201.0,05CwHjIk71RXVU40boRMnR,134937512,Call You Mine,The Chainsmokers,https://open.spotify.com/track/05CwHjIk71RXVU40boRMnR,0.225,0.591,0.702,0.0,0.414,-5.59,0.0289,0.501,"104,003",4,217653,7,1,69GGBxA162lTqCwzJG5jLp,91
202.0,3U4isOIWM3VvDubwSI3y7a,134813252,All of Me,John Legend,https://open.spotify.com/track/3U4isOIWM3VvDubwSI3y7a,0.922,0.422,0.264,0.0,0.132,"-7,064",0.0322,0.331,119.93,4,269560,8,1,5y2Xq6xcjJb2jVM54GHK3t,85
203.0,3yNZ5r3LKfdmjoS3gkhUCT,134561463,bad guy (with Justin Bieber),Billie Eilish,https://open.spotify.com/track/3yNZ5r3LKfdmjoS3gkhUCT,0.252,0.67,0.453,0.33,0.117,"-11,265",0.295,0.68,"135,055",4,194840,0,1,6qqNVTkY8uBg9cP3Jd7DAH,98
204.0,2FY7b99s15jUprqC0M5NCT,133932624,Natural,Imagine Dragons,https://open.spotify.com/track/2FY7b99s15jUprqC0M5NCT,0.217,0.704,0.611,0.0,0.0812,"-6,112",0.0409,0.22,100.0,4,189467,2,1,53XhwfbYqKCa1cC15pYq2q,92
205.0,7anSoGdgtmJTAPZBzcPhO6,133360949,Cuaderno,Dalex,https://open.spotify.com/track/7anSoGdgtmJTAPZBzcPhO6,0.524,0.681,0.648,0.0,0.104,"-5,021",0.38,0.687,"172,019",4,286507,1,0,0KPX4Ucy9dk82uj4GpKesn,93
206.0,7Feaw9WAEREY0DUOSXJLOM,133075503,Summer Days (feat. Macklemore & Patrick Stump of Fall Out Boy),Martin Garrix,https://open.spotify.com/track/7Feaw9WAEREY0DUOSXJLOM,0.179,0.661,0.723,1.23e-05,0.14,"-6,976",0.0566,0.316,"113,778",4,163805,5,0,60d24wfXkVzDSfLS6hyCjZ,88
207.0,4a6q8CR2hzLk2plDkSxkfD,130923031,I.F.L.Y.,Bazzi,https://open.spotify.com/track/4a6q8CR2hzLk2plDkSxkfD,0.379,0.812,0.519,0.0,0.13,"-4,823",0.0385,0.554,"104,954",4,165714,2,1,4GvEc3ANtPPjt1ZJllr5Zl,86
208.0,1WSGTYKLEpKfNQYYW5Oymt,129020612,"I Can't Get Enough (benny blanco, Selena Gomez, J Balvin, Tainy)",benny blanco,https://open.spotify.com/track/1WSGTYKLEpKfNQYYW5Oymt,0.404,0.541,0.468,3.65e-06,0.358,"-4,039",0.362,0.69,"95,266",4,158027,10,0,5CiGnKThu5ctn9pBxv7DGa,83
209.0,3id2EVGKc3eFAMn9nFnB0r,128371806,Love Someone,Lukas Graham,https://open.spotify.com/track/3id2EVGKc3eFAMn9nFnB0r,0.172,0.538,0.409,0.0,0.11,"-6,581",0.0505,0.265,"171,838",4,205440,9,0,25u4wHJWxCA9vO0CzxAbK7,79
210.0,5KbBGUpIZd6gVFUU8tqYiQ,127896512,Si Se Da,Myke Towers,https://open.spotify.com/track/5KbBGUpIZd6gVFUU8tqYiQ,0.374,0.83,0.71,0.0,0.0877,"-5,523",0.326,0.703,"93,977",4,237013,11,0,7iK8PXO48WeuP03g8YR51W,91
212.0,3XiNC94b4Tq1xwv70sQJGN,127569510,Sanguine Paradise,Lil Uzi Vert,https://open.spotify.com/track/3XiNC94b4Tq1xwv70sQJGN,0.0948,0.729,0.603,0.0,0.113,"-6,736",0.0666,0.207,"134,972",4,243976,6,0,4O15NlyKLIASxsJ0PrXPfz,92
213.0,4TnjEaWOeW0eKTKIEvJyCa,127484851,Falling,Trevor Daniel,https://open.spotify.com/track/4TnjEaWOeW0eKTKIEvJyCa,0.123,0.784,0.43,0.0,0.0887,"-8,756",0.0364,0.236,"127,087",4,159382,10,0,7uaIm6Pw7xplS8Dy06V6pT,87
214.0,51NFxnQvaosfDDutk0tams,125588211,bellyache,Billie Eilish,https://open.spotify.com/track/51NFxnQvaosfDDutk0tams,0.46,0.695,0.573,0.0734,0.482,"-8,597",0.106,0.408,"99,939",4,179172,4,0,6qqNVTkY8uBg9cP3Jd7DAH,98
215.0,0YammaEkYSeo9vQYZ1OwS6,124602073,Say My Name,David Guetta,https://open.spotify.com/track/0YammaEkYSeo9vQYZ1OwS6,0.137,0.703,0.66,0.0,0.192,"-5,119",0.123,0.79,"95,031",4,198947,10,0,1Cs0zKBU1kc0i8ypK3B9ai,90